"method","code_exists","outputs_exist","run_found","possibly_overwritten"
"aging","YES","NO","NO","NO"
"aging_alpha_closure","NO","YES","NO","NO"
"aging_alpha_closure_agent24f","YES","NO","NO","NO"
"aging_alpha_closure_residual_audit","NO","YES","NO","NO"
"aging_audit","NO","YES","NO","NO"
"aging_centered_temperature_slices","NO","YES","NO","NO"
"aging_cleanup","NO","YES","NO","NO"
"aging_cleanup_log","NO","YES","NO","NO"
"aging_clock_ratio_analysis","YES","YES","NO","NO"
"aging_clock_ratio_bundle","NO","YES","NO","NO"
"aging_clock_ratio_lower_support_audit","YES","YES","NO","NO"
"aging_clock_ratio_lower_support_audit_bundle","NO","YES","NO","NO"
"aging_clock_ratio_temperature_scaling","YES","YES","NO","NO"
"aging_clock_ratio_temperature_scaling_bundle","NO","YES","NO","NO"
"aging_clock_ratio_temperature_scaling_wrapper","YES","NO","NO","NO"
"aging_clock_ratio_temperature_support_audit","YES","YES","NO","NO"
"aging_clock_ratio_temperature_support_audit_bundle","NO","YES","NO","NO"
"aging_collapse_kappa1_kappa2","YES","NO","NO","NO"
"aging_collapse_test","NO","YES","NO","NO"
"aging_component_clock","NO","YES","NO","NO"
"aging_component_clock_test","YES","YES","NO","NO"
"aging_dataset_build","NO","YES","NO","NO"
"aging_dataset_package","NO","YES","NO","NO"
"aging_deltam_map","NO","YES","NO","NO"
"aging_dip_switching_shape_link","YES","NO","NO","NO"
"aging_dmdt_heatmap","NO","YES","NO","NO"
"aging_effective_rank_vs_tp","NO","YES","NO","NO"
"aging_execution_diagnostics","YES","NO","NO","NO"
"aging_fm_switching_sector_link","YES","NO","NO","NO"
"aging_fm_timescale_analysis","YES","YES","NO","NO"
"aging_fm_using_dip_clock","YES","YES","NO","NO"
"aging_geometry","NO","YES","NO","NO"
"aging_geometry_review","NO","YES","NO","NO"
"aging_geometry_visualization","YES","NO","NO","NO"
"aging_hermetic_closure","NO","YES","NO","NO"
"aging_hermetic_closure_agent24i","YES","NO","NO","NO"
"aging_hermetic_closure_residuals","NO","YES","NO","NO"
"aging_kappa_comparison","YES","YES","NO","YES"
"aging_kappa1","NO","YES","NO","NO"
"aging_kappa1_kappa2","NO","YES","NO","NO"
"aging_kappa1_kappa2_collapse","NO","YES","NO","NO"
"aging_kappa1_loocv","NO","YES","NO","NO"
"aging_kappa1_prediction","NO","YES","NO","NO"
"aging_kappa1_prediction_agent24d","YES","NO","NO","NO"
"aging_kappa2","NO","YES","NO","NO"
"aging_kappa2_agent24g","YES","NO","NO","NO"
"aging_kappa2_residuals","NO","YES","NO","NO"
"aging_log_scaling","NO","YES","NO","NO"
"aging_log_time_scaling_test","YES","YES","NO","NO"
"aging_map_heatmap","NO","YES","NO","NO"
"aging_measurement_definition_audit","YES","YES","YES","YES"
"aging_meta_audit_latest_results","NO","YES","NO","NO"
"aging_meta_audit_model_ranking","NO","YES","NO","NO"
"aging_meta_audit_result_inventory","NO","YES","NO","NO"
"aging_meta_audit_verdict","NO","YES","NO","NO"
"aging_mode_observable","NO","YES","NO","NO"
"aging_model_comparison_strict","NO","YES","NO","NO"
"aging_nonlinear_law_test","YES","NO","NO","NO"
"aging_normalized_dip_shape","NO","YES","NO","NO"
"aging_observable","NO","YES","NO","NO"
"aging_observable_audit","NO","YES","NO","NO"
"aging_observable_dataset","NO","YES","NO","NO"
"aging_observable_identification_audit","YES","YES","NO","NO"
"aging_observable_identification_audit_review","NO","YES","NO","NO"
"aging_observable_mode_correlation","YES","NO","NO","NO"
"aging_observable_point_aggregation","NO","YES","NO","NO"
"aging_observable_recommendation_table","NO","YES","NO","NO"
"aging_observable_score","NO","YES","NO","NO"
"aging_observable_trajectory_dip_depth","NO","YES","NO","NO"
"aging_observable_trajectory_dip_sigma","NO","YES","NO","NO"
"aging_observable_trajectory_dip_t0","NO","YES","NO","NO"
"aging_observable_trajectory_fm_abs","NO","YES","NO","NO"
"aging_observable_trajectory_fm_step_mag","NO","YES","NO","NO"
"aging_pooled_svd_singular_spectrum","NO","YES","NO","NO"
"aging_prediction","NO","YES","NO","NO"
"aging_prediction_agent24b","YES","NO","NO","NO"
"aging_profiles_normalized_tp06","NO","YES","NO","NO"
"aging_profiles_normalized_tp14","NO","YES","NO","NO"
"aging_profiles_normalized_tp18","NO","YES","NO","NO"
"aging_profiles_normalized_tp22","NO","YES","NO","NO"
"aging_profiles_normalized_tp26","NO","YES","NO","NO"
"aging_profiles_raw_tp06","NO","YES","NO","NO"
"aging_profiles_raw_tp14","NO","YES","NO","NO"
"aging_profiles_raw_tp18","NO","YES","NO","NO"
"aging_profiles_raw_tp22","NO","YES","NO","NO"
"aging_profiles_raw_tp26","NO","YES","NO","NO"
"aging_profiles_scaled_collapse_tp26","NO","YES","NO","NO"
"aging_r_vs_collective_state_agent23a","YES","NO","NO","NO"
"aging_rank_vs_tp","NO","YES","NO","NO"
"aging_rank1_reconstruction_tp26","NO","YES","NO","NO"
"aging_rank1_scaling_coefficients_tp26","NO","YES","NO","NO"
"aging_relaxation_confusion_audit","NO","YES","NO","NO"
"aging_residual_map_tp26","NO","YES","NO","NO"
"aging_run_review","NO","YES","NO","NO"
"aging_shape_collapse_analysis","YES","YES","NO","NO"
"aging_shape_variation_vs_tp","NO","YES","NO","NO"
"aging_stabilization_complete","NO","YES","NO","NO"
"aging_structure_execution_handoff","NO","YES","NO","NO"
"aging_structured_results_export","YES","NO","NO","NO"
"aging_structured_results_export_tp12","YES","NO","NO","NO"
"aging_structured_results_export_tp27","YES","NO","NO","NO"
"aging_structured_results_export_tp30","YES","NO","NO","NO"
"aging_structured_run_verification","NO","YES","NO","NO"
"aging_svd_singular_spectrum","NO","YES","NO","NO"
"aging_switching_clock_bridge","YES","NO","NO","NO"
"aging_temperature_slices","NO","YES","NO","NO"
"aging_time_rescaling_collapse","YES","YES","NO","NO"
"aging_timescale_bridge","YES","NO","NO","NO"
"aging_timescale_extraction","YES","YES","NO","NO"
"aging_tp","NO","YES","NO","NO"
"aging_tp_observable_metrics","NO","YES","NO","NO"
"aging_tp_rank","NO","YES","NO","NO"
"aging_tp_sweep","NO","YES","NO","NO"
"aging_trace_structure_canonical","YES","NO","NO","NO"
"aging_trace_structure_canonical_exec","YES","NO","NO","NO"
"aging_trace_structure_canonical_final","YES","NO","NO","NO"
"aging_trace_structure_canonical_wrapper","YES","NO","NO","NO"
"aging_trace_structure_delivery","NO","YES","NO","NO"
"aging_trace_structure_minimal","YES","NO","NO","NO"
"aging_tri_clock_consistency_test","YES","NO","NO","NO"
"aging_tri_cross_temperature_test","YES","NO","NO","NO"
"aging_tri_scaling_test","YES","NO","NO","NO"
"aging_verification_final","NO","YES","NO","NO"
"aging_vs_trajectory_agent23b","YES","NO","NO","NO"
"aging_waittime_slices","NO","YES","NO","NO"
"agingconfig","YES","YES","NO","NO"
"aligndeltam_y","YES","NO","NO","NO"
"alpha_decomposition","NO","YES","NO","NO"
"alpha_decomposition_agent21a","YES","NO","NO","NO"
"alpha_from_pt","NO","YES","NO","NO"
"alpha_from_pt_agent20b","YES","NO","NO","NO"
"alpha_observable","NO","YES","NO","NO"
"alpha_observable_search","YES","YES","NO","YES"
"alpha_physical_validity","NO","YES","NO","NO"
"alpha_physical_validity_test","YES","NO","NO","NO"
"alpha_res_collective_state_agent22b","YES","NO","NO","NO"
"alpha_res_cross_correlation","NO","YES","NO","NO"
"alpha_res_cross_experiment","NO","YES","NO","NO"
"alpha_res_cross_experiment_correlation","YES","NO","NO","NO"
"alpha_res_origin","NO","YES","NO","NO"
"alpha_res_origin_test","YES","NO","NO","NO"
"alpha_res_physics","NO","YES","NO","NO"
"alpha_res_physics_agent21b","YES","NO","NO","NO"
"alpha_res_predictability","NO","YES","NO","NO"
"alpha_res_smoothed","NO","YES","NO","NO"
"alpha_res_smoothed_state_agent22e","YES","NO","NO","NO"
"alpha_res_state","NO","YES","NO","NO"
"alpha_res_trajectory","NO","YES","NO","NO"
"alpha_res_trajectory_agent22d","YES","NO","NO","NO"
"alpha_res_transition","NO","YES","NO","NO"
"alpha_res_transition_agent22a","YES","NO","NO","NO"
"alpha_res_vs_transition","NO","YES","NO","NO"
"alpha_structure","NO","YES","NO","NO"
"alpha_structure_agent19f","YES","NO","NO","NO"
"alpha_with_kappa1","NO","YES","NO","NO"
"alpha_with_kappa1_agent21c","YES","NO","NO","NO"
"amplitude_observable_alignment_around_26k","NO","YES","NO","NO"
"analyze_phi_kappa_canonical_space","YES","NO","NO","NO"
"analyzeafm_fm_components","YES","NO","NO","NO"
"analyzeafm_fm_derivative","YES","NO","NO","NO"
"analyzeagingmemory","YES","NO","NO","NO"
"architecture","NO","YES","NO","NO"
"asymmetric_spread_analysis","YES","NO","NO","NO"
"auditdecompositionstability","YES","NO","NO","NO"
"barrier_relaxation_mechanism_closure","YES","NO","NO","NO"
"barrier_to_relaxation_mechanism","YES","NO","NO","NO"
"baseline_subtracted_tp_10p0k_wait_36s","NO","YES","NO","NO"
"baseline_subtracted_tp_10p0k_wait_3s","NO","YES","NO","NO"
"baseline_subtracted_tp_10p0k_wait_60min","NO","YES","NO","NO"
"baseline_subtracted_tp_10p0k_wait_6min","NO","YES","NO","NO"
"baseline_subtracted_tp_14p0k_wait_36s","NO","YES","NO","NO"
"baseline_subtracted_tp_14p0k_wait_3s","NO","YES","NO","NO"
"baseline_subtracted_tp_14p0k_wait_60min","NO","YES","NO","NO"
"baseline_subtracted_tp_14p0k_wait_6min","NO","YES","NO","NO"
"baseline_subtracted_tp_18p0k_wait_36s","NO","YES","NO","NO"
"baseline_subtracted_tp_18p0k_wait_3s","NO","YES","NO","NO"
"baseline_subtracted_tp_18p0k_wait_60min","NO","YES","NO","NO"
"baseline_subtracted_tp_18p0k_wait_6min","NO","YES","NO","NO"
"baseline_subtracted_tp_22p0k_wait_36s","NO","YES","NO","NO"
"baseline_subtracted_tp_22p0k_wait_3s","NO","YES","NO","NO"
"baseline_subtracted_tp_22p0k_wait_60min","NO","YES","NO","NO"
"baseline_subtracted_tp_22p0k_wait_6min","NO","YES","NO","NO"
"baseline_subtracted_tp_26p0k_wait_36s","NO","YES","NO","NO"
"baseline_subtracted_tp_26p0k_wait_3s","NO","YES","NO","NO"
"baseline_subtracted_tp_26p0k_wait_60min","NO","YES","NO","NO"
"baseline_subtracted_tp_26p0k_wait_6min","NO","YES","NO","NO"
"baseline_subtracted_tp_30p0k_wait_36s","NO","YES","NO","NO"
"baseline_subtracted_tp_30p0k_wait_60min","NO","YES","NO","NO"
"baseline_subtracted_tp_30p0k_wait_6min","NO","YES","NO","NO"
"baseline_subtracted_tp_34p0k_wait_36s","NO","YES","NO","NO"
"baseline_subtracted_tp_34p0k_wait_60min","NO","YES","NO","NO"
"baseline_subtracted_tp_34p0k_wait_6min","NO","YES","NO","NO"
"baseline_subtracted_tp_6p0k_wait_36s","NO","YES","NO","NO"
"baseline_subtracted_tp_6p0k_wait_3s","NO","YES","NO","NO"
"baseline_subtracted_tp_6p0k_wait_60min","NO","YES","NO","NO"
"baseline_subtracted_tp_6p0k_wait_6min","NO","YES","NO","NO"
"bridge_refinement_metrics_v1","NO","YES","NO","NO"
"build_p0_from_data","YES","NO","NO","NO"
"build_relaxation_dataset","YES","NO","NO","NO"
"build_relaxation_dataset_from_pipeline","YES","NO","NO","NO"
"canonical_clock_config_template","YES","NO","NO","NO"
"canonical_implementation","NO","YES","NO","NO"
"canonical_r_support_table","NO","YES","NO","NO"
"canonical_two_time_definition","NO","YES","NO","NO"
"censored_support_table","NO","YES","NO","NO"
"clock_alignment_local_clock","NO","YES","NO","NO"
"clock_alignment_tau_dip","NO","YES","NO","NO"
"clock_alignment_tau_fm","NO","YES","NO","NO"
"clock_collapse_metrics","NO","YES","NO","NO"
"clock_ratio_data","NO","YES","NO","NO"
"coeff_heatmap_raw_t","NO","YES","NO","NO"
"coeff_heatmap_shifted_tp","NO","YES","NO","NO"
"col_collapse_raw_t","NO","YES","NO","NO"
"col_collapse_shifted_tp","NO","YES","NO","NO"
"collapse_attempt","NO","YES","NO","NO"
"collapse_failure_mode_test","YES","NO","NO","NO"
"collapse_quality_metrics","NO","YES","NO","NO"
"collapse_quality_vs_tp","NO","YES","NO","NO"
"collapse_variance_metric_vs_tp","NO","YES","NO","NO"
"collapse_variance_profiles","NO","YES","NO","NO"
"collapse_variance_profiles_vs_tp","NO","YES","NO","NO"
"colormarkersbytp_activefigure","YES","NO","NO","NO"
"component_correlation_vs_tp","NO","YES","NO","NO"
"computedeltam","YES","NO","NO","NO"
"config_snapshot","YES","NO","NO","NO"
"construct_canonical_clock","YES","NO","NO","NO"
"conversation_session_complete","NO","YES","NO","NO"
"converttomubperco","YES","NO","NO","NO"
"correlation","NO","YES","NO","NO"
"cost_step_gauss","YES","NO","NO","NO"
"createruncontext","YES","NO","NO","NO"
"cross_temperature_per_tp_quality","NO","YES","NO","NO"
"cross_temperature_per_z_metrics","NO","YES","NO","NO"
"cross_temperature_scenario_metrics","NO","YES","NO","NO"
"curve_mode_coefficients","NO","YES","NO","NO"
"dbg","YES","NO","NO","NO"
"dbgextractphysicscontext","YES","NO","NO","NO"
"dbgfigure","YES","NO","NO","NO"
"dbginitdiagnostics","YES","NO","NO","NO"
"dbgsavefig","YES","NO","NO","NO"
"dbgsummaryphysics","YES","NO","NO","NO"
"dbgsummarytable","YES","NO","NO","NO"
"debug_infrastructure_guide","NO","YES","NO","NO"
"debug_metrics","NO","YES","NO","NO"
"debugagingdiagnostics","YES","NO","NO","NO"
"debugagingstage4","YES","NO","NO","NO"
"debugplotgeometry","YES","NO","NO","NO"
"debugplotswitchingreconstruction","YES","NO","NO","NO"
"decomposition_audit_36s","NO","YES","NO","NO"
"decomposition_audit_36s_clean","NO","YES","NO","NO"
"decomposition_audit_3s","NO","YES","NO","NO"
"decomposition_audit_3s_clean","NO","YES","NO","NO"
"decomposition_audit_60min","NO","YES","NO","NO"
"decomposition_audit_60min_clean","NO","YES","NO","NO"
"decomposition_audit_6min","NO","YES","NO","NO"
"decomposition_audit_6min_clean","NO","YES","NO","NO"
"decomposition_reconstruction_36s","NO","YES","NO","NO"
"decomposition_reconstruction_3s","NO","YES","NO","NO"
"decomposition_reconstruction_60min","NO","YES","NO","NO"
"decomposition_reconstruction_6min","NO","YES","NO","NO"
"decomposition_regions","NO","YES","NO","NO"
"decomposition_stability","NO","YES","NO","NO"
"decomposition_stability_maps","NO","YES","NO","NO"
"decomposition_stability_raw","NO","YES","NO","NO"
"decomposition_stability_summary_36s","NO","YES","NO","NO"
"decomposition_stability_summary_3s","NO","YES","NO","NO"
"decomposition_stability_summary_60min","NO","YES","NO","NO"
"decomposition_stability_summary_6min","NO","YES","NO","NO"
"decomposition_stability_summary_by_wait_tp","NO","YES","NO","NO"
"deformation_closure_metrics","NO","YES","NO","NO"
"delivery","NO","YES","NO","NO"
"deltam_map","NO","YES","NO","NO"
"deltam_shifted_bytp_tp_10p0k","NO","YES","NO","NO"
"deltam_shifted_bytp_tp_14p0k","NO","YES","NO","NO"
"deltam_shifted_bytp_tp_18p0k","NO","YES","NO","NO"
"deltam_shifted_bytp_tp_22p0k","NO","YES","NO","NO"
"deltam_shifted_bytp_tp_26p0k","NO","YES","NO","NO"
"deltam_shifted_bytp_tp_6p0k","NO","YES","NO","NO"
"deployment_checklist","NO","YES","NO","NO"
"deployment_complete","NO","YES","NO","NO"
"derivativeshape_wait_36s_tp_10k","NO","YES","NO","NO"
"derivativeshape_wait_36s_tp_14k","NO","YES","NO","NO"
"derivativeshape_wait_36s_tp_18k","NO","YES","NO","NO"
"derivativeshape_wait_36s_tp_22k","NO","YES","NO","NO"
"derivativeshape_wait_36s_tp_26k","NO","YES","NO","NO"
"derivativeshape_wait_36s_tp_30k","NO","YES","NO","NO"
"derivativeshape_wait_36s_tp_34k","NO","YES","NO","NO"
"derivativeshape_wait_36s_tp_6k","NO","YES","NO","NO"
"derivativeshape_wait_3s_tp_10k","NO","YES","NO","NO"
"derivativeshape_wait_3s_tp_14k","NO","YES","NO","NO"
"derivativeshape_wait_3s_tp_18k","NO","YES","NO","NO"
"derivativeshape_wait_3s_tp_22k","NO","YES","NO","NO"
"derivativeshape_wait_3s_tp_26k","NO","YES","NO","NO"
"derivativeshape_wait_3s_tp_6k","NO","YES","NO","NO"
"derivativeshape_wait_60min_tp_10k","NO","YES","NO","NO"
"derivativeshape_wait_60min_tp_14k","NO","YES","NO","NO"
"derivativeshape_wait_60min_tp_18k","NO","YES","NO","NO"
"derivativeshape_wait_60min_tp_22k","NO","YES","NO","NO"
"derivativeshape_wait_60min_tp_26k","NO","YES","NO","NO"
"derivativeshape_wait_60min_tp_30k","NO","YES","NO","NO"
"derivativeshape_wait_60min_tp_34k","NO","YES","NO","NO"
"derivativeshape_wait_60min_tp_6k","NO","YES","NO","NO"
"derivativeshape_wait_6min_tp_10k","NO","YES","NO","NO"
"derivativeshape_wait_6min_tp_14k","NO","YES","NO","NO"
"derivativeshape_wait_6min_tp_18k","NO","YES","NO","NO"
"derivativeshape_wait_6min_tp_22k","NO","YES","NO","NO"
"derivativeshape_wait_6min_tp_26k","NO","YES","NO","NO"
"derivativeshape_wait_6min_tp_30k","NO","YES","NO","NO"
"derivativeshape_wait_6min_tp_34k","NO","YES","NO","NO"
"derivativeshape_wait_6min_tp_6k","NO","YES","NO","NO"
"diagnose_baseline_subtracted_fm","YES","NO","NO","NO"
"diagnose_decomposition_audit_waittimes","YES","NO","NO","NO"
"diagnose_decomposition_audit_waittimes_clean","YES","NO","NO","NO"
"diagnose_deltam_shifted_bytp_waittimes","YES","NO","NO","NO"
"diagnose_deltam_svd_pca","YES","NO","NO","NO"
"diagnose_fit_vs_derivative_audit","YES","NO","NO","NO"
"diagnose_fm_construction_audit","YES","NO","NO","NO"
"diagnose_fm_sign_stability","YES","NO","NO","NO"
"diagnose_hight_basis_comparison","YES","NO","NO","NO"
"diagnose_linear_combo_switching","YES","NO","NO","NO"
"diagnose_mode1_separability","YES","NO","NO","NO"
"diagnose_shifted_basis_fit","YES","NO","NO","NO"
"diagnose_switching_regime_features","YES","NO","NO","NO"
"diagnose_waittime_to_current_mapping","YES","NO","NO","NO"
"diagnostic","YES","NO","NO","NO"
"diagnostic_wrapped","YES","NO","NO","NO"
"dip_depth_vs_log_tw_by_tp","NO","YES","NO","NO"
"dip_depth_vs_tw_by_tp","NO","YES","NO","NO"
"dip_visibility_vs_tw_by_tp","NO","YES","NO","NO"
"dip_vs_tw","NO","YES","NO","NO"
"dominant_mode","NO","YES","NO","NO"
"dominant_modes_vs_temperature","NO","YES","NO","NO"
"enhanced_diagnostics","NO","YES","NO","NO"
"estimaterobustbaseline","YES","NO","NO","NO"
"estimaterobustbaseline_canonical","YES","NO","NO","NO"
"exploratory_extended_r_support_table","NO","YES","NO","NO"
"extract_tau_from_relaxation","YES","NO","NO","NO"
"extracted_g_f","NO","YES","NO","NO"
"f_raw_t","NO","YES","NO","NO"
"f_shifted_tp","NO","YES","NO","NO"
"factorization_metrics","NO","YES","NO","NO"
"factorization_metrics_vs_tp","NO","YES","NO","NO"
"filteragingmemory","YES","NO","NO","NO"
"final_completion","NO","YES","NO","NO"
"final_integration_test","YES","NO","NO","NO"
"finalize_relaxation_aging_run","YES","YES","NO","NO"
"find_relaxation_time_series","YES","NO","NO","NO"
"fit_vs_derivative_audit","NO","YES","NO","NO"
"fitafm_fm_meanfield_and_dipgaussian","YES","NO","NO","NO"
"fitafm_fm_meanfield_and_diplorentzian","YES","NO","NO","NO"
"fitderivativeaudit_wait_36s_tp_10k","NO","YES","NO","NO"
"fitderivativeaudit_wait_36s_tp_14k","NO","YES","NO","NO"
"fitderivativeaudit_wait_36s_tp_18k","NO","YES","NO","NO"
"fitderivativeaudit_wait_36s_tp_22k","NO","YES","NO","NO"
"fitderivativeaudit_wait_36s_tp_26k","NO","YES","NO","NO"
"fitderivativeaudit_wait_36s_tp_30k","NO","YES","NO","NO"
"fitderivativeaudit_wait_36s_tp_34k","NO","YES","NO","NO"
"fitderivativeaudit_wait_36s_tp_6k","NO","YES","NO","NO"
"fitderivativeaudit_wait_3s_tp_10k","NO","YES","NO","NO"
"fitderivativeaudit_wait_3s_tp_14k","NO","YES","NO","NO"
"fitderivativeaudit_wait_3s_tp_18k","NO","YES","NO","NO"
"fitderivativeaudit_wait_3s_tp_22k","NO","YES","NO","NO"
"fitderivativeaudit_wait_3s_tp_26k","NO","YES","NO","NO"
"fitderivativeaudit_wait_3s_tp_6k","NO","YES","NO","NO"
"fitderivativeaudit_wait_60min_tp_10k","NO","YES","NO","NO"
"fitderivativeaudit_wait_60min_tp_14k","NO","YES","NO","NO"
"fitderivativeaudit_wait_60min_tp_18k","NO","YES","NO","NO"
"fitderivativeaudit_wait_60min_tp_22k","NO","YES","NO","NO"
"fitderivativeaudit_wait_60min_tp_26k","NO","YES","NO","NO"
"fitderivativeaudit_wait_60min_tp_30k","NO","YES","NO","NO"
"fitderivativeaudit_wait_60min_tp_34k","NO","YES","NO","NO"
"fitderivativeaudit_wait_60min_tp_6k","NO","YES","NO","NO"
"fitderivativeaudit_wait_6min_tp_10k","NO","YES","NO","NO"
"fitderivativeaudit_wait_6min_tp_14k","NO","YES","NO","NO"
"fitderivativeaudit_wait_6min_tp_18k","NO","YES","NO","NO"
"fitderivativeaudit_wait_6min_tp_22k","NO","YES","NO","NO"
"fitderivativeaudit_wait_6min_tp_26k","NO","YES","NO","NO"
"fitderivativeaudit_wait_6min_tp_30k","NO","YES","NO","NO"
"fitderivativeaudit_wait_6min_tp_34k","NO","YES","NO","NO"
"fitderivativeaudit_wait_6min_tp_6k","NO","YES","NO","NO"
"fitfmstep_plus_gaussiandip","YES","NO","NO","NO"
"fm_abs_using_extracted_dip_tau","NO","YES","NO","NO"
"fm_afm","NO","YES","NO","NO"
"fm_amplitude","NO","YES","NO","NO"
"fm_baseline_test","NO","YES","NO","NO"
"fm_collapse_using_dip_tau_metrics","NO","YES","NO","NO"
"fm_construction_36s","NO","YES","NO","NO"
"fm_construction_3s","NO","YES","NO","NO"
"fm_construction_60min","NO","YES","NO","NO"
"fm_construction_6min","NO","YES","NO","NO"
"fm_construction_audit","NO","YES","NO","NO"
"fm_extracted_dip_tau","NO","YES","NO","NO"
"fm_extracted_dip_tau_collapse_metrics","NO","YES","NO","NO"
"fm_raw_vs_tw","NO","YES","NO","NO"
"fm_rescaled_vs_tw_over_tau_dip","NO","YES","NO","NO"
"fm_rescaled_vs_tw_over_tau_fm","NO","YES","NO","NO"
"fm_signed_vs_tp_36s","NO","YES","NO","NO"
"fm_signed_vs_tp_3s","NO","YES","NO","NO"
"fm_signed_vs_tp_60min","NO","YES","NO","NO"
"fm_signed_vs_tp_6min","NO","YES","NO","NO"
"fm_vs_tw","NO","YES","NO","NO"
"fm_vs_tw_by_tp","NO","YES","NO","NO"
"functional_form_test_metrics","NO","YES","NO","NO"
"g_raw_t","NO","YES","NO","NO"
"g_shifted_tp","NO","YES","NO","NO"
"getfilelist_aging","YES","NO","NO","NO"
"getpauseruns","YES","NO","NO","NO"
"getresultsdir","YES","NO","NO","NO"
"getvalidswitchtp","YES","NO","NO","NO"
"heatmaps_raw_t","NO","YES","NO","NO"
"heatmaps_shifted_tp","NO","YES","NO","NO"
"hight_window_and_censoring_diagnostics","NO","YES","NO","NO"
"implementation","NO","YES","NO","NO"
"importfiles_aging","YES","NO","NO","NO"
"index","NO","YES","NO","NO"
"inspect_relaxation_data_structure","YES","NO","NO","NO"
"interpretation","NO","YES","NO","NO"
"kappa1_from_pt","NO","YES","NO","NO"
"kappa1_from_pt_aligned","NO","YES","NO","NO"
"kappa1_interpretation_survey","NO","YES","NO","NO"
"kappa1_projection_test","NO","YES","NO","NO"
"kappa1_pt_vs_speak_test","YES","NO","NO","NO"
"kappa1_simplification_test","YES","NO","NO","NO"
"kappa1_speak_equivalence","NO","YES","NO","NO"
"kappa1_speak_equivalence_test","NO","YES","NO","NO"
"kappa1_speak_ratio_test","NO","YES","NO","NO"
"kappa2_kww_shape_test","YES","YES","NO","NO"
"kappa2_opening","NO","YES","NO","NO"
"kappa2_opening_decomposition","NO","YES","NO","NO"
"kappa2_opening_test","YES","YES","NO","NO"
"kappa2_operational_signature","NO","YES","NO","NO"
"kappa2_operational_signature_test","YES","NO","NO","NO"
"kappa2_phen_inputs_check","NO","YES","NO","NO"
"kappa2_phenomenological_audit","NO","YES","NO","NO"
"kappa2_physical_necessity","YES","YES","NO","NO"
"kappa2_state_geometry","NO","YES","NO","NO"
"local_clock_fit_parameters","NO","YES","NO","NO"
"locate_relaxation_raw_runs","YES","NO","NO","NO"
"log","NO","YES","NO","NO"
"log_slope_vs_tp","NO","YES","NO","NO"
"loglog_clock_relation","NO","YES","NO","NO"
"logr_vs_logt","NO","YES","NO","NO"
"lower_boundary","NO","YES","NO","NO"
"lower_temperature_classification","NO","YES","NO","NO"
"main_aging","YES","NO","NO","NO"
"main_aging_memory","NO","YES","NO","NO"
"manifest","NO","YES","NO","NO"
"map_pair_metrics","NO","YES","NO","NO"
"master_curve_amplitudes","NO","YES","NO","NO"
"master_curve_attempt_raw_overlap","NO","YES","NO","NO"
"master_curve_attempt_tau_dip","NO","YES","NO","NO"
"master_curve_attempt_tau_fm","NO","YES","NO","NO"
"master_curve_comparisons","NO","YES","NO","NO"
"master_curve_master_modes","NO","YES","NO","NO"
"master_curve_metrics_common_overlap","NO","YES","NO","NO"
"master_curve_per_tp_metrics","NO","YES","NO","NO"
"master_curve_per_z_metrics","NO","YES","NO","NO"
"master_curve_scenario_metrics","NO","YES","NO","NO"
"master_executive","NO","YES","NO","NO"
"minimal_diary_test","YES","NO","NO","NO"
"minimal_verify","YES","NO","NO","NO"
"mode_stability_details","NO","YES","NO","NO"
"mode_stability_metrics","NO","YES","NO","NO"
"mode_stability_vs_tp","NO","YES","NO","NO"
"modes_raw_t","NO","YES","NO","NO"
"modes_shifted_tp","NO","YES","NO","NO"
"normalized_component_comparison","NO","YES","NO","NO"
"notes","NO","YES","NO","NO"
"observable_matrix","NO","YES","NO","NO"
"observable_mode_coeff_mode1_vs_dip_depth_shifted_tp","NO","YES","NO","NO"
"observable_mode_coeff_mode2_vs_dip_sigma_raw_t","NO","YES","NO","NO"
"observable_mode_coeff_mode2_vs_fm_abs_shifted_tp","NO","YES","NO","NO"
"observable_mode_coeff_mode3_vs_dip_t0_shifted_tp","NO","YES","NO","NO"
"observable_mode_correlation","NO","YES","NO","NO"
"observable_mode_correlation_review","NO","YES","NO","NO"
"observable_mode_correlations","NO","YES","NO","NO"
"observable_mode_joined_table","NO","YES","NO","NO"
"observables","NO","YES","NO","NO"
"overlay_tp_10","NO","YES","NO","NO"
"overlay_tp_14","NO","YES","NO","NO"
"overlay_tp_18","NO","YES","NO","NO"
"overlay_tp_22","NO","YES","NO","NO"
"overlay_tp_26","NO","YES","NO","NO"
"overlay_tp_30","NO","YES","NO","NO"
"overlay_tp_34","NO","YES","NO","NO"
"overlay_tp_6","NO","YES","NO","NO"
"parseagingfilename","YES","NO","NO","NO"
"phi_correlation_matrix","NO","YES","NO","NO"
"phi_cosine_similarity_matrix","NO","YES","NO","NO"
"phi_kappa_canonical_verdict","NO","YES","NO","NO"
"phi_kappa_stability","NO","YES","NO","NO"
"phi_kappa_stability_canonical","NO","YES","NO","NO"
"phi_l2_difference_matrix","NO","YES","NO","NO"
"phi_mode_overlays","NO","YES","NO","NO"
"phi_pt_restricted_deformation","YES","NO","NO","NO"
"phi_pt_restricted_deformation_5_1","YES","NO","NO","NO"
"phi_pt_restricted_deformation_stable","YES","NO","NO","NO"
"phi_similarity_matrices","NO","YES","NO","NO"
"phi_similarity_pairs","NO","YES","NO","NO"
"phi_vs_tp26_metrics","NO","YES","NO","NO"
"phi2_deformation_fit","NO","YES","NO","NO"
"phi2_kappa2_canonical_residual_mode","YES","NO","NO","NO"
"physics_context_architecture","NO","YES","NO","NO"
"physics_diagnostics_guide","NO","YES","NO","NO"
"pipeline_smoke_test","YES","NO","NO","NO"
"plotafm_fm","YES","NO","NO","NO"
"plotafm_fm_decomposition","YES","NO","NO","NO"
"plotafm_fm_robustnesscheck","YES","NO","NO","NO"
"plotagingmemory","YES","YES","NO","NO"
"plotagingmemory_afm_vs_fm","YES","NO","NO","NO"
"plotdecompositionexamples","YES","NO","NO","NO"
"prl_validation_jmodel","YES","NO","NO","NO"
"production_deployment_checklist","NO","YES","NO","NO"
"production_sign_off_certificate","NO","YES","NO","NO"
"pt_kappa_relaxation","NO","YES","NO","NO"
"pt_kappa_relaxation_mapping","YES","YES","NO","NO"
"pt_to_relaxation_mapping","YES","YES","NO","NO"
"quick_reference","NO","YES","NO","NO"
"quick_start","NO","YES","NO","NO"
"quicksanitycheck","YES","NO","NO","NO"
"r_vs_t","NO","YES","NO","NO"
"rank_structure_metrics","NO","YES","NO","NO"
"rank1_amplitude_curves","NO","YES","NO","NO"
"rank1_metrics_vs_tp","NO","YES","NO","NO"
"ratio_r_vs_tp","NO","YES","NO","NO"
"readme","NO","YES","NO","NO"
"readme_debug_system","NO","YES","NO","NO"
"real_data_setup_guide","NO","YES","NO","NO"
"recon_examples_raw_t","NO","YES","NO","NO"
"recon_examples_shifted_tp","NO","YES","NO","NO"
"reconstructed_vs_original_matrices_around_26k","NO","YES","NO","NO"
"reconstructswitchingamplitude","YES","NO","NO","NO"
"reconstructswitchingamplitudelegacy","NO","YES","NO","NO"
"relaxation_aging_canonical_comparison","YES","NO","NO","NO"
"relaxation_aging_canonical_comparison_matlab","NO","YES","NO","NO"
"relaxation_canonical_definition","NO","YES","NO","NO"
"relaxation_canonical_implementation_check","YES","YES","NO","NO"
"relaxation_canonical_implementation_check_dirty_backup","YES","NO","NO","NO"
"relaxation_dataset_validation","NO","YES","NO","NO"
"relaxation_deep","NO","YES","NO","NO"
"relaxation_deep_candidates","NO","YES","NO","NO"
"relaxation_deep_search","YES","YES","NO","NO"
"relaxation_extraction","NO","YES","NO","NO"
"relaxation_extraction_debug","NO","YES","NO","NO"
"relaxation_extraction_from_known_runs","YES","NO","NO","NO"
"relaxation_full_dataset","NO","YES","NO","NO"
"relaxation_m_logt_extracted","NO","YES","NO","NO"
"relaxation_measurement_canonical_self_audit","YES","YES","NO","NO"
"relaxation_measurement_canonical_self_audit_status_v2","NO","YES","NO","NO"
"relaxation_measurement_canonical_self_audit_v2","NO","YES","NO","NO"
"relaxation_measurement_focused_t0_norm_window","YES","YES","NO","NO"
"relaxation_measurement_focused_t0_norm_window_startup","NO","YES","NO","NO"
"relaxation_measurement_robustness","NO","YES","NO","NO"
"relaxation_measurement_robustness_audit","NO","YES","NO","NO"
"relaxation_outlier_audit","YES","YES","NO","NO"
"relaxation_outlier_audit_no_toolbox","YES","YES","NO","NO"
"relaxation_pipeline_audit","NO","YES","NO","NO"
"relaxation_pipeline_audit_map","NO","YES","NO","NO"
"relaxation_pipeline_inconsistencies","NO","YES","NO","NO"
"relaxation_raw","NO","YES","NO","NO"
"relaxation_raw_candidates","NO","YES","NO","NO"
"relaxation_structure","NO","YES","NO","NO"
"relaxation_structure_scan","NO","YES","NO","NO"
"relaxation_switching_bridge_visualization","YES","NO","NO","NO"
"relaxation_switching_knee_comparison","YES","NO","NO","NO"
"relaxation_switching_motion_test","YES","NO","NO","NO"
"relaxation_tau_time_window_test","YES","NO","NO","NO"
"relaxation_temperature_scaling_test","YES","NO","NO","NO"
"relaxation_temperature_scaling_wrapper","YES","NO","NO","NO"
"relaxation_time_series","NO","YES","NO","NO"
"relaxation_time_series_scan","NO","YES","NO","NO"
"relaxation_trace_samples","NO","YES","NO","NO"
"repair_metadata","NO","YES","NO","NO"
"repaired","NO","YES","NO","NO"
"repository_state","NO","YES","NO","NO"
"rescaled_curves","NO","YES","NO","NO"
"residual_decomposition_22k_failure_audit","YES","NO","NO","NO"
"residual_structure_maps_vs_tp","NO","YES","NO","NO"
"review","NO","YES","NO","NO"
"ridge_crossover_vs_relaxation","YES","NO","NO","NO"
"ridge_motion_relaxation_analysis","YES","NO","NO","NO"
"ridge_relaxation_comparison","YES","NO","NO","NO"
"robust_baseline_implementation","NO","YES","NO","NO"
"row_collapse_raw_t","NO","YES","NO","NO"
"row_collapse_shifted_tp","NO","YES","NO","NO"
"run_manifest.json","NO","NO","YES","NO"
"runphasec_leaveoneout","YES","NO","NO","NO"
"runrobustnesscheck","YES","NO","NO","NO"
"safecorr","YES","NO","NO","NO"
"scatter_coeff_mode1_vs_dip_depth","NO","YES","NO","NO"
"scatter_coeff_mode2_vs_dip_depth","NO","YES","NO","NO"
"scatter_coeff_mode2_vs_fm_abs","NO","YES","NO","NO"
"scatter_coeff_mode3_vs_dip_t0","NO","YES","NO","NO"
"scatter_raw_t","NO","YES","NO","NO"
"scatter_shifted_tp","NO","YES","NO","NO"
"scores_raw_t","NO","YES","NO","NO"
"scores_shifted_tp","NO","YES","NO","NO"
"scree_raw_t","NO","YES","NO","NO"
"scree_shifted_tp","NO","YES","NO","NO"
"separability","NO","YES","NO","NO"
"session_summary_2026_03_30","NO","YES","NO","NO"
"setdefault","YES","NO","NO","NO"
"simple_switching_observable_search_vs_relaxation","YES","NO","NO","NO"
"simple_test","YES","NO","NO","NO"
"source_run_manifest","NO","YES","NO","NO"
"stage0_setuppaths","YES","NO","NO","NO"
"stage1_loaddata","YES","NO","NO","NO"
"stage2_preprocess","YES","NO","NO","NO"
"stage3_computedeltam","YES","NO","NO","NO"
"stage4_analyzeafm_fm","YES","NO","NO","NO"
"stage4_refactor_side_by_side","NO","YES","NO","NO"
"stage4_refactor_verification","NO","YES","NO","NO"
"stage5_fitfmgaussian","YES","NO","NO","NO"
"stage6_extractmetrics","YES","NO","NO","NO"
"stage7_reconstructswitching","YES","NO","NO","NO"
"stage8_globaljfit_shiftgating","YES","NO","NO","NO"
"stage8_plotting","YES","NO","NO","NO"
"stage9_export","YES","NO","NO","NO"
"stagec2_sweepdipwindow","YES","NO","NO","NO"
"state_flow","NO","YES","NO","NO"
"status","NO","YES","NO","NO"
"summary_filter_impact","NO","YES","NO","NO"
"summary_fit_degeneracy","NO","YES","NO","NO"
"summary_snr","NO","YES","NO","NO"
"svd","NO","YES","NO","NO"
"svd_mode_coefficients","NO","YES","NO","NO"
"svd_singular_values","NO","YES","NO","NO"
"svd_spectra_by_tp","NO","YES","NO","NO"
"svd_spectra_vs_tp","NO","YES","NO","NO"
"svd_spectrum_vs_temperature","NO","YES","NO","NO"
"svd_u","NO","YES","NO","NO"
"svd_v","NO","YES","NO","NO"
"switching_chi_shift_shape_decomposition","YES","NO","NO","NO"
"switching_collapse_asymmetry_test","YES","NO","NO","NO"
"switching_collapse_kernel_analysis","YES","NO","NO","NO"
"switching_energy_scale_collapse_filtered","YES","NO","NO","NO"
"switching_full_scaling_collapse","YES","NO","NO","NO"
"switching_full_scaling_collapse_figure_repair","YES","NO","NO","NO"
"switching_model","NO","YES","NO","NO"
"switching_physical_baseline_model","YES","NO","NO","NO"
"switching_raw_baseline_correction","NO","YES","NO","NO"
"switching_raw_baseline_correction_and_comparison","YES","NO","NO","NO"
"switching_relaxation_amplitude_test","YES","NO","NO","NO"
"switching_relaxation_bridge_robustness_audit","YES","NO","NO","NO"
"switching_relaxation_observable_comparison","YES","NO","NO","NO"
"switching_residual_collapse_verification_analysis","YES","NO","NO","NO"
"switching_residual_decomposition_analysis","YES","NO","NO","NO"
"switching_ridge_motion_decomposition","YES","NO","NO","NO"
"switching_shape_sector_vs_collapse_asymmetry","YES","NO","NO","NO"
"switching_width_relaxation_correlation","YES","NO","NO","NO"
"t_axis","NO","YES","NO","NO"
"table_clock_ratio","NO","YES","NO","NO"
"tau_dip_extraction_diagnostics_vs_tp","NO","YES","NO","NO"
"tau_dip_vs_tp","NO","YES","NO","NO"
"tau_extracted","NO","YES","NO","NO"
"tau_fm_vs_tau_dip","NO","YES","NO","NO"
"tau_fm_vs_tp","NO","YES","NO","NO"
"tau_rescaling_estimates","NO","YES","NO","NO"
"tau_vs_barrier","NO","YES","NO","NO"
"tau_vs_barrier_test","NO","YES","NO","NO"
"tau_vs_tp","NO","YES","NO","NO"
"temperature_classification_table","NO","YES","NO","NO"
"temperature_window_metrics","NO","YES","NO","NO"
"test_aging_trace_structure_minimal","YES","NO","NO","NO"
"test_canonical_two_time_layer","YES","NO","NO","NO"
"test_debug_infrastructure","YES","NO","NO","NO"
"test_stage7_robustness","YES","NO","NO","NO"
"test_stage8_import","YES","NO","NO","NO"
"test_tp_exclusion_simple","YES","NO","NO","NO"
"test_verification","YES","NO","NO","NO"
"testdipbaselinepr","YES","NO","NO","NO"
"time_rescaling_diagnostics","NO","YES","NO","NO"
"tmp_physical_baseline_error","NO","YES","NO","NO"
"tmp_relaxation_canonical_self_audit_probe","NO","YES","NO","NO"
"trajectory_geometry_aging_test","YES","NO","NO","NO"
"tri_clock_consistency","NO","YES","NO","NO"
"tri_clock_consistency_bundle","NO","YES","NO","NO"
"tri_collapse_diagnostics","YES","YES","NO","NO"
"tri_collapse_diagnostics_bundle","NO","YES","NO","NO"
"tri_cross_temperature_bundle","NO","YES","NO","NO"
"tri_cross_temperature_collapse_tau_dip","NO","YES","NO","NO"
"tri_cross_temperature_collapse_tau_fm","NO","YES","NO","NO"
"tri_cross_temperature_metrics","NO","YES","NO","NO"
"tri_cross_temperature_test","NO","YES","NO","NO"
"tri_scaling","NO","YES","NO","NO"
"tri_scaling_test","NO","YES","NO","NO"
"tri_scaling_test_bundle","NO","YES","NO","NO"
"tw_axis","NO","YES","NO","NO"
"validate_matlab_syntax_direct","YES","NO","NO","NO"
"validate_relaxation_dataset","YES","NO","NO","NO"
"validate_syntax_final","YES","NO","NO","NO"
"verification","NO","YES","NO","NO"
"verify_aging_trace_structure_final","YES","NO","NO","NO"
"verify_matlab_environment","YES","NO","NO","NO"
"verify_stage4_refactor","YES","NO","NO","NO"
"verify_tp_exclusion_patch","YES","NO","NO","NO"
"verifyonrealdata","YES","NO","NO","NO"
"verifyrobustbaseline_realdata","YES","NO","NO","NO"
"verifyrobustbaseline_realdata_main","YES","NO","NO","NO"
"verifyrobustbaseline_simple","YES","NO","NO","NO"
"verifyrobustbaseline_withlogging","YES","NO","NO","NO"
"waiting_time_collapse_metrics","NO","YES","NO","NO"
"waiting_time_collapse_metrics_vs_tp","NO","YES","NO","NO"
"width_decomposition","NO","YES","NO","NO"
"width_decomposition_test","YES","NO","NO","NO"
"within_tp_normalized_profiles_around_26k","NO","YES","NO","NO"
"work_completion_and_handoff","NO","YES","NO","NO"
